{
  "RandomForest": {
    "accuracy": 0.7733,
    "cv_mean_accuracy": 0.7833,
    "cv_std": 0.035,
    "classification_report": {
      "High": {
        "precision": 1.0,
        "recall": 0.68,
        "f1-score": 0.8095238095238095,
        "support": 25.0
      },
      "Low": {
        "precision": 0.7692307692307693,
        "recall": 0.8,
        "f1-score": 0.7843137254901961,
        "support": 25.0
      },
      "Medium": {
        "precision": 0.65625,
        "recall": 0.84,
        "f1-score": 0.7368421052631579,
        "support": 25.0
      },
      "accuracy": 0.7733333333333333,
      "macro avg": {
        "precision": 0.8084935897435898,
        "recall": 0.7733333333333333,
        "f1-score": 0.7768932134257213,
        "support": 75.0
      },
      "weighted avg": {
        "precision": 0.8084935897435898,
        "recall": 0.7733333333333333,
        "f1-score": 0.7768932134257212,
        "support": 75.0
      }
    }
  },
  "DecisionTree": {
    "accuracy": 0.7733,
    "cv_mean_accuracy": 0.77,
    "cv_std": 0.0323,
    "classification_report": {
      "High": {
        "precision": 1.0,
        "recall": 0.68,
        "f1-score": 0.8095238095238095,
        "support": 25.0
      },
      "Low": {
        "precision": 0.7692307692307693,
        "recall": 0.8,
        "f1-score": 0.7843137254901961,
        "support": 25.0
      },
      "Medium": {
        "precision": 0.65625,
        "recall": 0.84,
        "f1-score": 0.7368421052631579,
        "support": 25.0
      },
      "accuracy": 0.7733333333333333,
      "macro avg": {
        "precision": 0.8084935897435898,
        "recall": 0.7733333333333333,
        "f1-score": 0.7768932134257213,
        "support": 75.0
      },
      "weighted avg": {
        "precision": 0.8084935897435898,
        "recall": 0.7733333333333333,
        "f1-score": 0.7768932134257212,
        "support": 75.0
      }
    }
  },
  "LogisticRegression": {
    "accuracy": 0.8133,
    "cv_mean_accuracy": 0.7867,
    "cv_std": 0.0371,
    "classification_report": {
      "High": {
        "precision": 0.9545454545454546,
        "recall": 0.84,
        "f1-score": 0.8936170212765957,
        "support": 25.0
      },
      "Low": {
        "precision": 0.7692307692307693,
        "recall": 0.8,
        "f1-score": 0.7843137254901961,
        "support": 25.0
      },
      "Medium": {
        "precision": 0.7407407407407407,
        "recall": 0.8,
        "f1-score": 0.7692307692307693,
        "support": 25.0
      },
      "accuracy": 0.8133333333333334,
      "macro avg": {
        "precision": 0.8215056548389882,
        "recall": 0.8133333333333335,
        "f1-score": 0.8157205053325204,
        "support": 75.0
      },
      "weighted avg": {
        "precision": 0.8215056548389883,
        "recall": 0.8133333333333334,
        "f1-score": 0.8157205053325204,
        "support": 75.0
      }
    }
  }
}